Caption,Category
Golden hour kinda day.,Aesthetic
The art of Minimal mood.,Aesthetic
Feeling Golden hour today.,Aesthetic
Golden hour!,Aesthetic
Minimal mood!,Aesthetic
#Minimal mood,Aesthetic
Feeling Chasing clouds today.,Aesthetic
Because Minimal mood.,Aesthetic
Because Chasing clouds.,Aesthetic
Minimal mood kinda day.,Aesthetic
Just Moonlit vibes things.,Aesthetic
Feeling Pastel dreams today.,Aesthetic
Keep calm and Chasing clouds.,Aesthetic
Pastel dreams!,Aesthetic
#Moonlit vibes,Aesthetic
#Pastel dreams,Aesthetic
"Can’t stop, won’t stop Minimal mood.",Aesthetic
Moonlit vibes kinda day.,Aesthetic
"Can’t stop, won’t stop Moonlit vibes.",Aesthetic
#Chasing clouds,Aesthetic
Just Minimal mood things.,Aesthetic
Keep calm and Minimal mood.,Aesthetic
"Can’t stop, won’t stop Chasing clouds.",Aesthetic
Just Chasing clouds things.,Aesthetic
"Can’t stop, won’t stop Golden hour.",Aesthetic
The art of Moonlit vibes.,Aesthetic
Feeling Minimal mood today.,Aesthetic
#Golden hour,Aesthetic
Moonlit vibes.,Aesthetic
Chasing clouds!,Aesthetic
Chasing clouds.,Aesthetic
The art of Chasing clouds.,Aesthetic
Just Golden hour things.,Aesthetic
Pastel dreams.,Aesthetic
"Can’t stop, won’t stop Pastel dreams.",Aesthetic
Keep calm and Golden hour.,Aesthetic
Keep calm and Moonlit vibes.,Aesthetic
Because Golden hour.,Aesthetic
Golden hour.,Aesthetic
Because Moonlit vibes.,Aesthetic
Minimal mood.,Aesthetic
The art of Pastel dreams.,Aesthetic
Feeling Moonlit vibes today.,Aesthetic
Just Pastel dreams things.,Aesthetic
Pastel dreams kinda day.,Aesthetic
Because Pastel dreams.,Aesthetic
Chasing clouds kinda day.,Aesthetic
Keep calm and Pastel dreams.,Aesthetic
The art of Golden hour.,Aesthetic
Moonlit vibes!,Aesthetic
#Mood swing pro,Funny
"Can’t stop, won’t stop Too tired to function.",Funny
Plot twist.,Funny
Too tired to function kinda day.,Funny
Keep calm and Where’s the pizza.,Funny
Just Just winging it things.,Funny
Keep calm and Mood swing pro.,Funny
Because Plot twist.,Funny
Just winging it kinda day.,Funny
The art of Just winging it.,Funny
Where’s the pizza!,Funny
Mood swing pro!,Funny
#Too tired to function,Funny
The art of Too tired to function.,Funny
Feeling Too tired to function today.,Funny
Plot twist!,Funny
The art of Plot twist.,Funny
Because Just winging it.,Funny
Just Mood swing pro things.,Funny
The art of Mood swing pro.,Funny
Keep calm and Plot twist.,Funny
#Where’s the pizza,Funny
Just Plot twist things.,Funny
"Can’t stop, won’t stop Plot twist.",Funny
Feeling Where’s the pizza today.,Funny
Where’s the pizza kinda day.,Funny
Too tired to function.,Funny
#Just winging it,Funny
"Can’t stop, won’t stop Just winging it.",Funny
Keep calm and Just winging it.,Funny
Mood swing pro.,Funny
Mood swing pro kinda day.,Funny
Feeling Plot twist today.,Funny
Plot twist kinda day.,Funny
Just Where’s the pizza things.,Funny
Too tired to function!,Funny
Because Mood swing pro.,Funny
Because Too tired to function.,Funny
#Plot twist,Funny
"Can’t stop, won’t stop Mood swing pro.",Funny
Keep calm and Too tired to function.,Funny
The art of Where’s the pizza.,Funny
Feeling Just winging it today.,Funny
Just winging it.,Funny
"Can’t stop, won’t stop Where’s the pizza.",Funny
Feeling Mood swing pro today.,Funny
Just winging it!,Funny
Because Where’s the pizza.,Funny
Just Too tired to function things.,Funny
Where’s the pizza.,Funny
Feeling Push your limits today.,Motivational
Just Level up things.,Motivational
Push your limits.,Motivational
Level up!,Motivational
Stay focused.,Motivational
#Never give up,Motivational
Keep calm and Stay focused.,Motivational
Just Keep going things.,Motivational
"Can’t stop, won’t stop Keep going.",Motivational
Feeling Keep going today.,Motivational
Never give up.,Motivational
The art of Level up.,Motivational
The art of Stay focused.,Motivational
Push your limits kinda day.,Motivational
"Can’t stop, won’t stop Never give up.",Motivational
Feeling Stay focused today.,Motivational
#Level up,Motivational
Feeling Never give up today.,Motivational
Keep going kinda day.,Motivational
#Keep going,Motivational
Push your limits!,Motivational
Feeling Level up today.,Motivational
Stay focused kinda day.,Motivational
Keep calm and Push your limits.,Motivational
The art of Keep going.,Motivational
Keep going!,Motivational
"Can’t stop, won’t stop Push your limits.",Motivational
Never give up kinda day.,Motivational
Keep going.,Motivational
Because Push your limits.,Motivational
Just Push your limits things.,Motivational
#Push your limits,Motivational
Because Never give up.,Motivational
The art of Push your limits.,Motivational
"Can’t stop, won’t stop Stay focused.",Motivational
Level up kinda day.,Motivational
Just Never give up things.,Motivational
"Can’t stop, won’t stop Level up.",Motivational
Because Stay focused.,Motivational
Never give up!,Motivational
Keep calm and Level up.,Motivational
Because Level up.,Motivational
Keep calm and Never give up.,Motivational
Just Stay focused things.,Motivational
The art of Never give up.,Motivational
Level up.,Motivational
Stay focused!,Motivational
#Stay focused,Motivational
Keep calm and Keep going.,Motivational
Because Keep going.,Motivational
"Can’t stop, won’t stop Wanderlust.",Travel
Globe trotter kinda day.,Travel
Explore more kinda day.,Travel
Just Ocean breeze things.,Travel
Keep calm and Explore more.,Travel
The art of Globe trotter.,Travel
"Can’t stop, won’t stop Lost in the moment.",Travel
Wanderlust!,Travel
Lost in the moment.,Travel
Feeling Wanderlust today.,Travel
Keep calm and Globe trotter.,Travel
Just Globe trotter things.,Travel
Just Wanderlust things.,Travel
Wanderlust kinda day.,Travel
Ocean breeze!,Travel
Because Ocean breeze.,Travel
The art of Lost in the moment.,Travel
Globe trotter.,Travel
Just Lost in the moment things.,Travel
"Can’t stop, won’t stop Explore more.",Travel
The art of Wanderlust.,Travel
Just Explore more things.,Travel
#Explore more,Travel
Keep calm and Wanderlust.,Travel
Explore more!,Travel
#Ocean breeze,Travel
Explore more.,Travel
Wanderlust.,Travel
Ocean breeze.,Travel
Because Lost in the moment.,Travel
Keep calm and Lost in the moment.,Travel
#Globe trotter,Travel
"Can’t stop, won’t stop Ocean breeze.",Travel
The art of Explore more.,Travel
Feeling Ocean breeze today.,Travel
Lost in the moment kinda day.,Travel
#Wanderlust,Travel
Because Explore more.,Travel
Ocean breeze kinda day.,Travel
The art of Ocean breeze.,Travel
Keep calm and Ocean breeze.,Travel
Globe trotter!,Travel
"Can’t stop, won’t stop Globe trotter.",Travel
#Lost in the moment,Travel
Because Globe trotter.,Travel
Because Wanderlust.,Travel
Lost in the moment!,Travel
Feeling Globe trotter today.,Travel
Feeling Lost in the moment today.,Travel
Feeling Explore more today.,Travel
Just Endless love things.,Love
#My person,Love
Pure vibes!,Love
Keep calm and Pure vibes.,Love
"Can’t stop, won’t stop Pure vibes.",Love
Because Heart eyes.,Love
Endless love!,Love
My person kinda day.,Love
Pure vibes.,Love
Keep calm and My person.,Love
#Forever us,Love
Just Forever us things.,Love
Feeling Endless love today.,Love
Pure vibes kinda day.,Love
Feeling Pure vibes today.,Love
Just Heart eyes things.,Love
Feeling My person today.,Love
Just My person things.,Love
#Pure vibes,Love
Endless love.,Love
Feeling Heart eyes today.,Love
Because Endless love.,Love
Feeling Forever us today.,Love
"Can’t stop, won’t stop My person.",Love
#Heart eyes,Love
Because My person.,Love
Heart eyes!,Love
"Can’t stop, won’t stop Endless love.",Love
Keep calm and Endless love.,Love
Because Pure vibes.,Love
The art of Endless love.,Love
Just Pure vibes things.,Love
The art of Pure vibes.,Love
Heart eyes.,Love
Because Forever us.,Love
My person.,Love
Forever us kinda day.,Love
#Endless love,Love
Forever us.,Love
The art of My person.,Love
Endless love kinda day.,Love
Keep calm and Forever us.,Love
The art of Forever us.,Love
Forever us!,Love
Heart eyes kinda day.,Love
"Can’t stop, won’t stop Forever us.",Love
Keep calm and Heart eyes.,Love
My person!,Love
"Can’t stop, won’t stop Heart eyes.",Love
The art of Heart eyes.,Love
#High on thoughts,Mood
Just Lowkey chill things.,Mood
Silent mode.,Mood
Because Solo vibe.,Mood
Because Silent mode.,Mood
#Solo vibe,Mood
"Can’t stop, won’t stop Lowkey chill.",Mood
Just Mixed feelings things.,Mood
High on thoughts!,Mood
The art of High on thoughts.,Mood
Feeling Solo vibe today.,Mood
Just High on thoughts things.,Mood
Silent mode!,Mood
The art of Solo vibe.,Mood
#Lowkey chill,Mood
Solo vibe.,Mood
Silent mode kinda day.,Mood
Because Lowkey chill.,Mood
"Can’t stop, won’t stop Solo vibe.",Mood
Lowkey chill!,Mood
Keep calm and High on thoughts.,Mood
Keep calm and Lowkey chill.,Mood
"Can’t stop, won’t stop High on thoughts.",Mood
Feeling High on thoughts today.,Mood
Lowkey chill.,Mood
Solo vibe kinda day.,Mood
Lowkey chill kinda day.,Mood
Feeling Silent mode today.,Mood
Mixed feelings.,Mood
Just Solo vibe things.,Mood
Keep calm and Silent mode.,Mood
Mixed feelings kinda day.,Mood
#Silent mode,Mood
Keep calm and Mixed feelings.,Mood
Feeling Mixed feelings today.,Mood
The art of Mixed feelings.,Mood
High on thoughts.,Mood
Because Mixed feelings.,Mood
High on thoughts kinda day.,Mood
The art of Lowkey chill.,Mood
Solo vibe!,Mood
Just Silent mode things.,Mood
#Mixed feelings,Mood
The art of Silent mode.,Mood
"Can’t stop, won’t stop Silent mode.",Mood
Because High on thoughts.,Mood
Keep calm and Solo vibe.,Mood
"Can’t stop, won’t stop Mixed feelings.",Mood
Mixed feelings!,Mood
Feeling Lowkey chill today.,Mood
The art of Snack attack.,Food
#Sippin' joy,Food
#Craving mode,Food
Foodie alert!,Food
Sippin' joy!,Food
Sippin' joy kinda day.,Food
Because Craving mode.,Food
#Foodie alert,Food
Feeling Foodie alert today.,Food
Craving mode kinda day.,Food
Keep calm and Craving mode.,Food
Feeling Taco lover today.,Food
Just Sippin' joy things.,Food
The art of Foodie alert.,Food
Craving mode!,Food
Snack attack!,Food
Just Foodie alert things.,Food
Because Snack attack.,Food
Just Craving mode things.,Food
"Can’t stop, won’t stop Taco lover.",Food
"Can’t stop, won’t stop Snack attack.",Food
Foodie alert.,Food
"Can’t stop, won’t stop Foodie alert.",Food
Taco lover.,Food
The art of Sippin' joy.,Food
#Snack attack,Food
Sippin' joy.,Food
Foodie alert kinda day.,Food
Taco lover!,Food
The art of Taco lover.,Food
Taco lover kinda day.,Food
Just Snack attack things.,Food
Keep calm and Foodie alert.,Food
Feeling Craving mode today.,Food
Keep calm and Sippin' joy.,Food
"Can’t stop, won’t stop Craving mode.",Food
Craving mode.,Food
#Taco lover,Food
Keep calm and Taco lover.,Food
Because Sippin' joy.,Food
Snack attack kinda day.,Food
Just Taco lover things.,Food
The art of Craving mode.,Food
Snack attack.,Food
"Can’t stop, won’t stop Sippin' joy.",Food
Because Foodie alert.,Food
Feeling Snack attack today.,Food
Because Taco lover.,Food
Feeling Sippin' joy today.,Food
Keep calm and Snack attack.,Food
